ProjectId,Project,ProjectType,ProjectCategory,City,Locality,SubLocality,Address,Landmark,Pincode,Configuration,BHK,PropertyCategory,PropertyType,PriceRaw,Price_INR,CarpetArea,Possession,Bathrooms,Balcony,ParkingType,FurnishedType,Lift,AgeOfProperty,Amenities,ProjectSummary,AboutProperty,MaintenanceCharges,FloorPlanImage,PropertyImages,Status,ProjectAge,ReraId,Slug
cmf53kkzy000fvcu8tx8jwjmr,Ashwini,RESIDENTIAL,STANDALONE,Not Specified,Not Specified,cmfdkuymm0001vc90iiyzkr8d,Mumbai chembur,Babys school,411017,,,RESIDENTIAL,1BHK,11111111,11111111.0,123.0,Ready,1,1.0,,UNFURNISHED,False,,Balcony,,jjhhhu,,https://pub-d28896f69c604ec5aa743cb0397740d9.r2.dev/1757584023815-67012c27580e3e23.jpg,"[""https://pub-d28896f69c604ec5aa743cb0397740d9.r2.dev/1756971672464-1e5179453b5df91d.jpg""]",UNDER_CONSTRUCTION,,"[""P99000056045""]",luxury-ashwini-ashoknagar-chembur-mumbai-675058
cmf5r6hv00001vxptnfichhfl,Pristine02,RESIDENTIAL,STANDALONE,Not Specified,Not Specified,cmfdn705v001pvc90uyle9m34,"sr no 13 beside godrej, opposite to mca stadium, sai nagar, mamurdi, pune ",Sai nagar ,412101,2BHK,2.0,RESIDENTIAL,2BHK,120000000,120000000.0,972.0,Not Specified,12,3.0,,UNFURNISHED,False,,Balcony,,about property ,faded ,https://pub-d28896f69c604ec5aa743cb0397740d9.r2.dev/1757011238520-ba6c9c4021ea321f.jpg,"[""https://pub-d28896f69c604ec5aa743cb0397740d9.r2.dev/1757011238541-c8a6e3aced460e18.jpg""]",READY_TO_MOVE,0.0,"[""P52100032109""]",pristine02-modelcolony-shivajinagar-pune-428955
cmfawdrno0007vc18l0fm0z2j,Gurukripa,RESIDENTIAL,COMPLEX,Not Specified,Not Specified,cmf51ix980003vcj0z7abv17k,"Sindhi Society, Near Swami Vivekanand Jr College, Chembur, Mumbai Harbour, Mumbai",Sindhi Society,400071,1BHK,1.0,RESIDENTIAL,1BHK,13000000,13000000.0,426.57,Not Specified,1,1.0,,UNFURNISHED,False,,Balcony,,na,,https://pub-d28896f69c604ec5aa743cb0397740d9.r2.dev/1757322391101-b4e4be9945434d29.jpg,"[""https://pub-d28896f69c604ec5aa743cb0397740d9.r2.dev/1757322391106-7c383f81d9c66290.jpg""]",UNDER_CONSTRUCTION,,"[""[\""P51800047648\""]""]",gurukripa-ashoknagar-chembur-mumbai-086047
cmfawdrno0007vc18l0fm0z2j,Gurukripa,RESIDENTIAL,COMPLEX,Not Specified,Not Specified,cmf51ix980003vcj0z7abv17k,"Sindhi Society, Near Swami Vivekanand Jr College, Chembur, Mumbai Harbour, Mumbai",Sindhi Society,400071,3BHK,3.0,RESIDENTIAL,3BHK,29000000,29000000.0,893.08,Not Specified,3,2.0,,UNFURNISHED,False,,Balcony,,na,,https://pub-d28896f69c604ec5aa743cb0397740d9.r2.dev/1757322391158-41329b8304cff17d.jpg,"[""https://pub-d28896f69c604ec5aa743cb0397740d9.r2.dev/1757322391167-19d3844213de86cb.jpg""]",UNDER_CONSTRUCTION,,"[""[\""P51800047648\""]""]",gurukripa-ashoknagar-chembur-mumbai-086047
cmfawdrno0007vc18l0fm0z2j,Gurukripa,RESIDENTIAL,COMPLEX,Not Specified,Not Specified,cmf51ix980003vcj0z7abv17k,"Sindhi Society, Near Swami Vivekanand Jr College, Chembur, Mumbai Harbour, Mumbai",Sindhi Society,400071,2BHK,2.0,RESIDENTIAL,2BHK,26000000,26000000.0,804.6,Not Specified,2,2.0,,UNFURNISHED,False,,Balcony,,na,,https://pub-d28896f69c604ec5aa743cb0397740d9.r2.dev/1757322391195-0e9c4aa442f80776.jpg,"[""https://pub-d28896f69c604ec5aa743cb0397740d9.r2.dev/1757322391202-e4d28b891dcb832f.jpg""]",UNDER_CONSTRUCTION,,"[""[\""P51800047648\""]""]",gurukripa-ashoknagar-chembur-mumbai-086047
cmfaxq2oo0020vc1806nmle00,Hari om,RESIDENTIAL,STANDALONE,Not Specified,Not Specified,cmfcec5ph007ivca007lzj3b3,"Cts 300, plot no 37, opposite midtown 71, Sindhi Society, Chembur, Mumbai, Maharashtra 400071",Sindhi Society,400069,1BHK,1.0,RESIDENTIAL,1BHK,13000000,13000000.0,443.37,Not Specified,1,1.0,,UNFURNISHED,False,,Balcony,,na,,https://pub-d28896f69c604ec5aa743cb0397740d9.r2.dev/1757324645437-975f7a8ecca1de6d.jpg,"[""https://pub-d28896f69c604ec5aa743cb0397740d9.r2.dev/1757324645448-dbde48f7805f3bd0.jpg""]",UNDER_CONSTRUCTION,,"[""P51800066536""]",hari-om-ashoknagar-chembur-mumbai-650559
cmfaxq2oo0020vc1806nmle00,Hari om,RESIDENTIAL,STANDALONE,Not Specified,Not Specified,cmfcec5ph007ivca007lzj3b3,"Cts 300, plot no 37, opposite midtown 71, Sindhi Society, Chembur, Mumbai, Maharashtra 400071",Sindhi Society,400069,2BHK,2.0,RESIDENTIAL,2BHK,19000000,19000000.0,644.11,Not Specified,2,2.0,,UNFURNISHED,False,,Balcony,,na,,https://pub-d28896f69c604ec5aa743cb0397740d9.r2.dev/1757324645448-970dda42c441c73b.jpg,"[""https://pub-d28896f69c604ec5aa743cb0397740d9.r2.dev/1757324645449-b2f826d061804b98.jpg""]",UNDER_CONSTRUCTION,,"[""P51800066536""]",hari-om-ashoknagar-chembur-mumbai-650559
cmfaxq2oo0020vc1806nmle00,Hari om,RESIDENTIAL,STANDALONE,Not Specified,Not Specified,cmfcec5ph007ivca007lzj3b3,"Cts 300, plot no 37, opposite midtown 71, Sindhi Society, Chembur, Mumbai, Maharashtra 400071",Sindhi Society,400069,3BHK,3.0,RESIDENTIAL,3BHK,23000000,23000000.0,798.57,Not Specified,3,2.0,,UNFURNISHED,False,,Balcony,,na,,https://pub-d28896f69c604ec5aa743cb0397740d9.r2.dev/1757324645450-abde5eb3211c0467.jpg,"[""https://pub-d28896f69c604ec5aa743cb0397740d9.r2.dev/1757324645451-d9b3e0a968cfc871.jpg""]",UNDER_CONSTRUCTION,,"[""P51800066536""]",hari-om-ashoknagar-chembur-mumbai-650559
cmfaycwy70036vc18ppmb8mwh,Om makarand heights,RESIDENTIAL,STANDALONE,Not Specified,Not Specified,cmfcewd9m007svca0b4pla35a,"104, Yashvant Seth Jadhav Marg, Gauri Shankar Wadi No. 2, Savitribai Phule Nagar, Pant Nagar, Ghatkopar East, Mumbai, Maharashtra 400075",Hind high school,400075,1BHK,1.0,RESIDENTIAL,1BHK,850000,850000.0,379.0,Ready,1,1.0,,UNFURNISHED,False,,Balcony,,na,,https://pub-d28896f69c604ec5aa743cb0397740d9.r2.dev/1757325712590-57c98e762d3e95c3.jpg,"[""https://pub-d28896f69c604ec5aa743cb0397740d9.r2.dev/1757325712591-aa79bad30786e10c.jpg""]",UNDER_CONSTRUCTION,,"[""P51800052217""]",om-makarand-heights-ashoknagar-chembur-mumbai-716337
cmfaycwy70036vc18ppmb8mwh,Om makarand heights,RESIDENTIAL,STANDALONE,Not Specified,Not Specified,cmfcewd9m007svca0b4pla35a,"104, Yashvant Seth Jadhav Marg, Gauri Shankar Wadi No. 2, Savitribai Phule Nagar, Pant Nagar, Ghatkopar East, Mumbai, Maharashtra 400075",Hind high school,400075,2BHK,2.0,RESIDENTIAL,2BHK,12000000,12000000.0,536.0,Ready,2,2.0,,UNFURNISHED,False,,Balcony,,na,,https://pub-d28896f69c604ec5aa743cb0397740d9.r2.dev/1757325712599-4bd849d13fb20425.jpg,"[""https://pub-d28896f69c604ec5aa743cb0397740d9.r2.dev/1757325712607-8e031215d719e572.jpg""]",UNDER_CONSTRUCTION,,"[""P51800052217""]",om-makarand-heights-ashoknagar-chembur-mumbai-716337
cmfc6pq1k0001vca0ikzb258m,Sainath Vrindavan,RESIDENTIAL,STANDALONE,Not Specified,Not Specified,cmf51ix980003vcj0z7abv17k,Prataprao Gujar Rd Neelam Nagar Mulund East Mumbai Maharashtra 400081,JBCN International School Mulund,400081,1BHK,1.0,RESIDENTIAL,1BHK,12000000,12000000.0,457.57,Not Specified,1,1.0,,UNFURNISHED,False,,Balcony,,na,,https://pub-d28896f69c604ec5aa743cb0397740d9.r2.dev/1757400210633-ec5431f188d4de3c.jpg,"[""https://pub-d28896f69c604ec5aa743cb0397740d9.r2.dev/1757400210665-ab087e966ba018ff.jpg""]",UNDER_CONSTRUCTION,,"[""[\""P51800049646\""]""]",luxury-sainath-vrindavan-ashoknagar-chembur-mumbai-216861
cmfc6pq1k0001vca0ikzb258m,Sainath Vrindavan,RESIDENTIAL,STANDALONE,Not Specified,Not Specified,cmf51ix980003vcj0z7abv17k,Prataprao Gujar Rd Neelam Nagar Mulund East Mumbai Maharashtra 400081,JBCN International School Mulund,400081,2BHK,2.0,RESIDENTIAL,2BHK,17000000,17000000.0,652.83,Not Specified,2,2.0,,UNFURNISHED,False,,Balcony,,na,,https://pub-d28896f69c604ec5aa743cb0397740d9.r2.dev/1757400210671-c54804f690eac296.jpg,"[""https://pub-d28896f69c604ec5aa743cb0397740d9.r2.dev/1757400210672-3f6998fafc9e8521.jpg""]",UNDER_CONSTRUCTION,,"[""[\""P51800049646\""]""]",luxury-sainath-vrindavan-ashoknagar-chembur-mumbai-216861
cmfc6pq1k0001vca0ikzb258m,Sainath Vrindavan,RESIDENTIAL,STANDALONE,Not Specified,Not Specified,cmf51ix980003vcj0z7abv17k,Prataprao Gujar Rd Neelam Nagar Mulund East Mumbai Maharashtra 400081,JBCN International School Mulund,400081,3BHK,3.0,RESIDENTIAL,3BHK,33000000,33000000.0,1240.22,Not Specified,3,2.0,,UNFURNISHED,False,,Balcony,,na,,https://pub-d28896f69c604ec5aa743cb0397740d9.r2.dev/1757400210681-7ca76e0e6739c3c1.jpg,"[""https://pub-d28896f69c604ec5aa743cb0397740d9.r2.dev/1757400210682-37e9e8c4f43b5b32.jpg""]",UNDER_CONSTRUCTION,,"[""[\""P51800049646\""]""]",luxury-sainath-vrindavan-ashoknagar-chembur-mumbai-216861
cmfc79ip5001cvca0qht6o44p,Avenue 15,RESIDENTIAL,STANDALONE,Not Specified,Not Specified,cmf51ix980003vcj0z7abv17k,AVENUE 15 Ramesh Barrel Supplying Company K.T.Gupta Wadi S.P.Murai Rd behind Sewri Road Sewri W Maharashtra 400015,JBCN International School Parel,400015,1BHK,1.0,RESIDENTIAL,1BHK,9890000,9890000.0,416.56,Not Specified,1,0.0,,UNFURNISHED,False,,,,na,,https://pub-d28896f69c604ec5aa743cb0397740d9.r2.dev/1757401136185-abf1e76a1175f931.jpg,"[""https://pub-d28896f69c604ec5aa743cb0397740d9.r2.dev/1757401136186-23bdb16c58a9e122.jpg""]",UNDER_CONSTRUCTION,,"[""[\""P51900032165\""]""]",avenue-15-ashoknagar-chembur-mumbai-140508
cmfc79ip5001cvca0qht6o44p,Avenue 15,RESIDENTIAL,STANDALONE,Not Specified,Not Specified,cmf51ix980003vcj0z7abv17k,AVENUE 15 Ramesh Barrel Supplying Company K.T.Gupta Wadi S.P.Murai Rd behind Sewri Road Sewri W Maharashtra 400015,JBCN International School Parel,400015,2BHK,2.0,RESIDENTIAL,2BHK,15000000,15000000.0,653.15,Not Specified,2,2.0,,UNFURNISHED,False,,Balcony,,na,,https://pub-d28896f69c604ec5aa743cb0397740d9.r2.dev/1757401136187-1ecea6707162bfe7.jpg,"[""https://pub-d28896f69c604ec5aa743cb0397740d9.r2.dev/1757401136188-b404a27ba98528f4.jpg""]",UNDER_CONSTRUCTION,,"[""[\""P51900032165\""]""]",avenue-15-ashoknagar-chembur-mumbai-140508
cmfc80zv1002dvca0hcgoc6ea,Swaroop Aditya Avenue,COMMERCIAL,STANDALONE,Not Specified,Not Specified,cmf51ix980003vcj0z7abv17k,"Swaroop Aditya Avenue, Sheraton Hotel, Marol Pipeline Rd, near Itc Maratha, Kanti Nagar, J B Nagar, Andheri East, Mumbai, Maharashtra 400099",Infiniti Mall ,400099,Office,,COMMERCIAL,Office,5975000,5975000.0,239.0,Not Specified,1,,,UNFURNISHED,False,,,,na,,https://pub-d28896f69c604ec5aa743cb0397740d9.r2.dev/1757402417345-d65dfb1fd5d0d077.jpg,"[""https://pub-d28896f69c604ec5aa743cb0397740d9.r2.dev/1757402417346-ede3eaf6864e2efa.jpg""]",UNDER_CONSTRUCTION,,"[""[\""P51800017168\""]""]",swaroop-aditya-avenue-ashoknagar-chembur-mumbai-422427
cmfc8w1e8003dvca0yvieggaz,Marigold miraaya ,RESIDENTIAL,TOWNSHIP,Not Specified,Not Specified,cmf51ix980003vcj0z7abv17k,"Marigold Miraaya, Purushottam Kheraj Rd, Asha Nagar, Mulund West, Mumbai, Maharashtra 400080",R Mall,400080,2BHK,2.0,RESIDENTIAL,2BHK,8900000,8900000.0,637.76,Not Specified,2,2.0,,UNFURNISHED,False,,Balcony,,na,,https://pub-d28896f69c604ec5aa743cb0397740d9.r2.dev/1757403866053-185c21624393f002.jpg,"[""https://pub-d28896f69c604ec5aa743cb0397740d9.r2.dev/1757403866054-3b21d5295d1b7bce.jpg""]",UNDER_CONSTRUCTION,,"[""[\""P51800003669\""]""]",luxury-marigold-miraaya--ashoknagar-chembur-mumbai-870766
cmfc8w1e8003dvca0yvieggaz,Marigold miraaya ,RESIDENTIAL,TOWNSHIP,Not Specified,Not Specified,cmf51ix980003vcj0z7abv17k,"Marigold Miraaya, Purushottam Kheraj Rd, Asha Nagar, Mulund West, Mumbai, Maharashtra 400080",R Mall,400080,3BHK,3.0,RESIDENTIAL,3BHK,15000000,15000000.0,1090.59,Not Specified,3,2.0,,UNFURNISHED,False,,Balcony,,na,,https://pub-d28896f69c604ec5aa743cb0397740d9.r2.dev/1757403866054-66f1c36cd5370f62.jpg,"[""https://pub-d28896f69c604ec5aa743cb0397740d9.r2.dev/1757403866055-12dde6891b923a80.jpg""]",UNDER_CONSTRUCTION,,"[""[\""P51800003669\""]""]",luxury-marigold-miraaya--ashoknagar-chembur-mumbai-870766
cmfcccifs004nvca0b7im3r5a,Balaji Kanha	,RESIDENTIAL,STANDALONE,Not Specified,Not Specified,cmf51ix980003vcj0z7abv17k,64C5+C63 Dombivli East Dombivli Maharashtra 421301,Lodha Xperia Mall,421201,1BHK,1.0,RESIDENTIAL,1BHK,4190000,4190000.0,422.0,Not Specified,1,1.0,,UNFURNISHED,False,,Balcony,,na,,https://pub-d28896f69c604ec5aa743cb0397740d9.r2.dev/1757409672773-6523197b4bafe2f8.jpg,"[""https://pub-d28896f69c604ec5aa743cb0397740d9.r2.dev/1757409672775-37d2dedeb898bfd3.jpg""]",UNDER_CONSTRUCTION,,"[""[\""P51700048490\""]""]",balaji-kanha--ashoknagar-chembur-mumbai-678207
cmfcccifs004nvca0b7im3r5a,Balaji Kanha	,RESIDENTIAL,STANDALONE,Not Specified,Not Specified,cmf51ix980003vcj0z7abv17k,64C5+C63 Dombivli East Dombivli Maharashtra 421301,Lodha Xperia Mall,421201,2BHK,2.0,RESIDENTIAL,2BHK,5770000,5770000.0,580.0,Not Specified,2,2.0,,UNFURNISHED,False,,Balcony,,na,,https://pub-d28896f69c604ec5aa743cb0397740d9.r2.dev/1757409672776-9c48211b8fc08a50.jpg,"[""https://pub-d28896f69c604ec5aa743cb0397740d9.r2.dev/1757409672776-55a3d0d5d7d3bb44.jpg""]",UNDER_CONSTRUCTION,,"[""[\""P51700048490\""]""]",balaji-kanha--ashoknagar-chembur-mumbai-678207
cmfcd6uup005fvca03vhph9j1,Bhoomi antara ,RESIDENTIAL,STANDALONE,Not Specified,Not Specified,cmf51ix980003vcj0z7abv17k,"3WG5+CHM, 90 Feet Rd, Garodia Nagar, Ghatkopar East, Mumbai, Maharashtra 400077",R City,400077,2BHK,2.0,RESIDENTIAL,2BHK,17000000,17000000.0,518.71,Not Specified,2,0.0,,UNFURNISHED,False,,,,na,,https://pub-d28896f69c604ec5aa743cb0397740d9.r2.dev/1757411089519-382dc615d1a8a01c.jpg,"[""https://pub-d28896f69c604ec5aa743cb0397740d9.r2.dev/1757411089520-1fd3665afc1a746a.jpg""]",UNDER_CONSTRUCTION,,"[""[\""P51800045215\""]""]",luxury-bhoomi-antara--ashoknagar-chembur-mumbai-093979
cmfcd6uup005fvca03vhph9j1,Bhoomi antara ,RESIDENTIAL,STANDALONE,Not Specified,Not Specified,cmf51ix980003vcj0z7abv17k,"3WG5+CHM, 90 Feet Rd, Garodia Nagar, Ghatkopar East, Mumbai, Maharashtra 400077",R City,400077,3BHK,3.0,RESIDENTIAL,3BHK,37000000,37000000.0,1098.46,Not Specified,3,0.0,,UNFURNISHED,False,,,,na,,https://pub-d28896f69c604ec5aa743cb0397740d9.r2.dev/1757411089524-85f5063857a9e066.jpg,"[""https://pub-d28896f69c604ec5aa743cb0397740d9.r2.dev/1757411089525-9e16be48ea1c5dca.jpg""]",UNDER_CONSTRUCTION,,"[""[\""P51800045215\""]""]",luxury-bhoomi-antara--ashoknagar-chembur-mumbai-093979
cmfcdo9ei006gvca0wq9t8usr,Arkade Prime,BOTH,COMPLEX,Not Specified,Not Specified,cmf51ix980003vcj0z7abv17k,"Makwana Rd, Gamdevi, Marol, Andheri East, Mumbai, Maharashtra 400059",Criticare Hospital,400059,1BHK,1.0,RESIDENTIAL,1BHK,12000000,12000000.0,425.39,Not Specified,1,1.0,,UNFURNISHED,False,,Balcony,,na,,https://pub-d28896f69c604ec5aa743cb0397740d9.r2.dev/1757411900104-d2b27e1086902c25.jpg,"[""https://pub-d28896f69c604ec5aa743cb0397740d9.r2.dev/1757411900105-0cd46f586c660d51.jpg""]",UNDER_CONSTRUCTION,,"[""[\""P51800047081\""]""]",luxury-arkade-prime-ashoknagar-chembur-mumbai-906049
cmfcdo9ei006gvca0wq9t8usr,Arkade Prime,BOTH,COMPLEX,Not Specified,Not Specified,cmf51ix980003vcj0z7abv17k,"Makwana Rd, Gamdevi, Marol, Andheri East, Mumbai, Maharashtra 400059",Criticare Hospital,400059,2BHK,2.0,RESIDENTIAL,2BHK,17000000,17000000.0,589.43,Not Specified,2,2.0,,UNFURNISHED,False,,Balcony,,na,,https://pub-d28896f69c604ec5aa743cb0397740d9.r2.dev/1757411900105-92746a06993e21a1.jpg,"[""https://pub-d28896f69c604ec5aa743cb0397740d9.r2.dev/1757411900106-3270032d1b3b29a6.jpg""]",UNDER_CONSTRUCTION,,"[""[\""P51800047081\""]""]",luxury-arkade-prime-ashoknagar-chembur-mumbai-906049
cmfcdo9ei006gvca0wq9t8usr,Arkade Prime,BOTH,COMPLEX,Not Specified,Not Specified,cmf51ix980003vcj0z7abv17k,"Makwana Rd, Gamdevi, Marol, Andheri East, Mumbai, Maharashtra 400059",Criticare Hospital,400059,,,RESIDENTIAL,Office space,21000000,21000000.0,710.63,Not Specified,1,1.0,,UNFURNISHED,False,,Balcony,,na,,https://pub-d28896f69c604ec5aa743cb0397740d9.r2.dev/1757411900106-2052b7fd49a2faaa.jpg,"[""https://pub-d28896f69c604ec5aa743cb0397740d9.r2.dev/1757411900108-5b7ad0636af0eef0.jpg""]",UNDER_CONSTRUCTION,,"[""[\""P51800047081\""]""]",luxury-arkade-prime-ashoknagar-chembur-mumbai-906049
cmfcg9ren0001vc209rw25eve,Glory,RESIDENTIAL,STANDALONE,Not Specified,Not Specified,cmfcfoprz0081vca0fus0zwq5," Kate Wasti Rd, Kate Wasti, Punawale, Pimpri-Chinchwad, Dattwadi, Maharashtra 411033", Sarai Sport Acadamy,411033,2BHK,2.0,RESIDENTIAL,2BHK,67000000,67000000.0,835.0,Not Specified,0,2.0,,UNFURNISHED,False,,Balcony,,na,,https://pub-d28896f69c604ec5aa743cb0397740d9.r2.dev/1757416263429-b34f6e00dad04cee.jpg,"[""https://pub-d28896f69c604ec5aa743cb0397740d9.r2.dev/1757416263441-db4005e8699b54f5.jpg""]",UNDER_CONSTRUCTION,,"[""[\""P52100077028\""]""]",luxury-glory-katewasti-punawale-pune-268353
cmfcg9ren0001vc209rw25eve,Glory,RESIDENTIAL,STANDALONE,Not Specified,Not Specified,cmfcfoprz0081vca0fus0zwq5," Kate Wasti Rd, Kate Wasti, Punawale, Pimpri-Chinchwad, Dattwadi, Maharashtra 411033", Sarai Sport Acadamy,411033,3BHK,3.0,RESIDENTIAL,3BHK,86000000,86000000.0,1064.0,Not Specified,3,2.0,,UNFURNISHED,False,,Balcony,,na,,https://pub-d28896f69c604ec5aa743cb0397740d9.r2.dev/1757416263442-37973fcf73632905.jpg,"[""https://pub-d28896f69c604ec5aa743cb0397740d9.r2.dev/1757416263443-efccc3b7b11a9cf6.jpg""]",UNDER_CONSTRUCTION,,"[""[\""P52100077028\""]""]",luxury-glory-katewasti-punawale-pune-268353
cmfdmdqmq0008vc90svu2sfto,Antriksh,RESIDENTIAL,STANDALONE,Not Specified,Not Specified,cmfdkuymm0001vc90iiyzkr8d,"CTS NO 391, Station Rd, opp. Zilla Parishad, Mangalwar Peth, Somwar Peth, Pune, Maharashtra 411011",Station Road Saraswat Colony,411011,1BHK,1.0,RESIDENTIAL,1BHK,5649000,5649000.0,269.1,Not Specified,1,1.0,,UNFURNISHED,False,,Balcony,,,,https://pub-d28896f69c604ec5aa743cb0397740d9.r2.dev/1757486991474-f7da47510a2039a9.jpeg,"[""https://pub-d28896f69c604ec5aa743cb0397740d9.r2.dev/1757486991482-830ba2f79d951b2a.jpg""]",UNDER_CONSTRUCTION,,"[""P52100019454"",""P52100047488""]",luxury-antriksh-somwarpeth-camp-pune-997560
cmfdmdqmq0008vc90svu2sfto,Antriksh,RESIDENTIAL,STANDALONE,Not Specified,Not Specified,cmfdkuymm0001vc90iiyzkr8d,"CTS NO 391, Station Rd, opp. Zilla Parishad, Mangalwar Peth, Somwar Peth, Pune, Maharashtra 411011",Station Road Saraswat Colony,411011,2BHK,2.0,RESIDENTIAL,2BHK,14300000,14300000.0,685.0,Not Specified,2,2.0,,UNFURNISHED,False,,Balcony,,,,https://pub-d28896f69c604ec5aa743cb0397740d9.r2.dev/1757486991488-c0b949b98960c0ed.jpg,"[""https://pub-d28896f69c604ec5aa743cb0397740d9.r2.dev/1757486991494-9ac904a02c4e153c.jpg""]",UNDER_CONSTRUCTION,,"[""P52100019454"",""P52100047488""]",luxury-antriksh-somwarpeth-camp-pune-997560
cmfdmdqmq0008vc90svu2sfto,Antriksh,RESIDENTIAL,STANDALONE,Not Specified,Not Specified,cmfdkuymm0001vc90iiyzkr8d,"CTS NO 391, Station Rd, opp. Zilla Parishad, Mangalwar Peth, Somwar Peth, Pune, Maharashtra 411011",Station Road Saraswat Colony,411011,3BHK,3.0,RESIDENTIAL,3BHK,22900000,22900000.0,1095.0,Not Specified,3,2.0,,UNFURNISHED,False,,Balcony,,,,https://pub-d28896f69c604ec5aa743cb0397740d9.r2.dev/1757486991499-74fa17a4c97985e2.jpg,"[""https://pub-d28896f69c604ec5aa743cb0397740d9.r2.dev/1757486991505-2373b8e162de669f.jpg""]",UNDER_CONSTRUCTION,,"[""P52100019454"",""P52100047488""]",luxury-antriksh-somwarpeth-camp-pune-997560
cmfdnk2rz001rvc90t6aa3f0e,16 Lakaki,RESIDENTIAL,STANDALONE,Not Specified,Not Specified,cmfdn705v001pvc90uyle9m34,"1102/A/48, Lakaki Rd, Model Colony, Shivajinagar, Pune, Maharashtra 411016",Model Colony,411016,Custom,,RESIDENTIAL,4.5BHK,55800000,55800000.0,2650.0,Not Specified,4,2.0,,UNFURNISHED,False,,Balcony,sdfghgvbndfgh,,,https://pub-d28896f69c604ec5aa743cb0397740d9.r2.dev/1757488967184-719e10b6efff3546.jpg,"[""https://pub-d28896f69c604ec5aa743cb0397740d9.r2.dev/1757488967185-54cee65e85919c06.jpg""]",UNDER_CONSTRUCTION,,"[""P52100078263""]",16-lakaki-modelcolony-shivajinagar-pune-470663
cmfdro2w2002ivc90co2n24lb,Dinmanee ,RESIDENTIAL,STANDALONE,Not Specified,Not Specified,cmfdn705v001pvc90uyle9m34,"Dinmanee, Squadron Leader Sureshchandra Bhagwat Rd, Model Colony, Shivajinagar, Pune, Maharashtra 411016",Bharat English School & jr. College,411016,3BHK,3.0,RESIDENTIAL,3BHK,25400000,25400000.0,1065.0,Not Specified,3,2.0,,UNFURNISHED,False,,Balcony,,,,https://pub-d28896f69c604ec5aa743cb0397740d9.r2.dev/1757495874341-877b209a8dd708f2.jpg,"[""https://pub-d28896f69c604ec5aa743cb0397740d9.r2.dev/1757495874342-f91c6d45130b2367.jpg""]",UNDER_CONSTRUCTION,,"[""[\""P52100079399\""]""]",luxury-dinmanee--modelcolony-shivajinagar-pune-878430
cmfdssd190037vc90paoxv29h,Zoa Building - 2 Wing A,RESIDENTIAL,STANDALONE,Not Specified,Not Specified,cmfds8hud0030vc90h37juexd,"Sr.no.36 Zoa, keshav nagar,Neatr renuka mata Temple Mundhwa, pune 411036",Renuka mata mandir,411036,1BHK,1.0,RESIDENTIAL,1BHK,7499000,7499000.0,450.0,Not Specified,1,1.0,,UNFURNISHED,False,,Balcony,,,,https://pub-d28896f69c604ec5aa743cb0397740d9.r2.dev/1757497751961-62a4a746ffb7d92a.jpeg,"[""https://pub-d28896f69c604ec5aa743cb0397740d9.r2.dev/1757497751961-e4b9f6b35ff84fc4.jpg""]",UNDER_CONSTRUCTION,,"[""[\""P52100056199\""]""]",zoa-building-2-wing-a-keshavnagar-mundhwa-pune-757777
cmfdssd190037vc90paoxv29h,Zoa Building - 2 Wing A,RESIDENTIAL,STANDALONE,Not Specified,Not Specified,cmfds8hud0030vc90h37juexd,"Sr.no.36 Zoa, keshav nagar,Neatr renuka mata Temple Mundhwa, pune 411036",Renuka mata mandir,411036,2BHK,2.0,RESIDENTIAL,2BHK,14100000,14100000.0,850.0,Not Specified,2,2.0,,UNFURNISHED,False,,Balcony,,,,https://pub-d28896f69c604ec5aa743cb0397740d9.r2.dev/1757497751962-8264b2f46aeac8b4.jpg,"[""https://pub-d28896f69c604ec5aa743cb0397740d9.r2.dev/1757497751962-181b9fb00f69e030.jpg""]",UNDER_CONSTRUCTION,,"[""[\""P52100056199\""]""]",zoa-building-2-wing-a-keshavnagar-mundhwa-pune-757777
cmfdu20970046vc90g587nym1,Leela by Empyrean Landmarks - Phase 1 & 2,RESIDENTIAL,STANDALONE,Not Specified,Not Specified,cmfdt1o8c003zvc90uqngk7v6,"Survey no. 18-19, plot no. p7, river road, Thite Nagar, Kharadi, Pune, Maharashtra 411014",Shri Kshetra Kalbhairavnath Temple,411014,2BHK,2.0,RESIDENTIAL,2BHK,13600000,13600000.0,774.0,Not Specified,2,1.0,,UNFURNISHED,False,,Balcony,,,,https://pub-d28896f69c604ec5aa743cb0397740d9.r2.dev/1757499882365-234e90325d589de6.jpg,"[""https://pub-d28896f69c604ec5aa743cb0397740d9.r2.dev/1757499882366-5ff9be2083ac3230.jpg""]",UNDER_CONSTRUCTION,,"[""[\""P52100078302\"",\""P52100052570\""]""]",leela-by-empyrean-landmar-thitenagar-kharadi-pune-887385
cmfdu20970046vc90g587nym1,Leela by Empyrean Landmarks - Phase 1 & 2,RESIDENTIAL,STANDALONE,Not Specified,Not Specified,cmfdt1o8c003zvc90uqngk7v6,"Survey no. 18-19, plot no. p7, river road, Thite Nagar, Kharadi, Pune, Maharashtra 411014",Shri Kshetra Kalbhairavnath Temple,411014,3BHK,3.0,RESIDENTIAL,3BHK,13900000,13900000.0,1044.0,Not Specified,3,2.0,,UNFURNISHED,False,,Balcony,,,,https://pub-d28896f69c604ec5aa743cb0397740d9.r2.dev/1757499882367-f956a3cf2e42cc2e.jpg,"[""https://pub-d28896f69c604ec5aa743cb0397740d9.r2.dev/1757499882368-39d519773fe47182.jpg""]",UNDER_CONSTRUCTION,,"[""[\""P52100078302\"",\""P52100052570\""]""]",leela-by-empyrean-landmar-thitenagar-kharadi-pune-887385
cmfdvkxeu0053vc90gquj3cbz,Midori Towers,RESIDENTIAL,TOWNSHIP,Not Specified,Not Specified,cmfdn705v001pvc90uyle9m34,"Sai Nagar, Mamurdi, Dehu Road, Maharashtra 412101",Sai nagar Rd,412101,2BHK,2.0,RESIDENTIAL,2BHK,66800000,66800000.0,912.0,Not Specified,2,1.0,,UNFURNISHED,False,,Balcony,,,,https://pub-d28896f69c604ec5aa743cb0397740d9.r2.dev/1757502445782-c4d339912dac6059.jpg,"[""https://pub-d28896f69c604ec5aa743cb0397740d9.r2.dev/1757502445783-07ddd86f8b94a188.jpg""]",UNDER_CONSTRUCTION,,"[""[\""P52100047310\""]""]",midori-towers-modelcolony-shivajinagar-pune-449745
cmfdxi4sv005rvc90ygfhnzc9,Kedar Residency,RESIDENTIAL,STANDALONE,Not Specified,Not Specified,cmfdn705v001pvc90uyle9m34,"MP78+P45, St Tukaram Nagar, Mamurdi, Dehu Road, Maharashtra 412101", Maharashtra Cricket Association Stadium,412101,,,RESIDENTIAL,1BHK,30400000,30400000.0,497.0,Not Specified,1,1.0,,FURNISHED,False,,"Furnished,Balcony",,,,https://pub-d28896f69c604ec5aa743cb0397740d9.r2.dev/1757505674362-a03f1a776276e18c.jpg,"[""https://pub-d28896f69c604ec5aa743cb0397740d9.r2.dev/1757505674367-357debf889702320.jpg""]",READY_TO_MOVE,0.0,"[""[\""P52100032109\""]""]",kedar-residency-modelcolony-shivajinagar-pune-678656
cmfdyb2yc006rvc900owycgrv,Sonai Clara,RESIDENTIAL,STANDALONE,Not Specified,Not Specified,cmfdxt4wr006pvc90zvflron5,"BRT Link Rd, Ravet, Pimpri-Chinchwad, Maharashtra 412101",Chandraprabha corner,412099,,,RESIDENTIAL,2BHK,7916000,7916000.0,719.0,Not Specified,2,1.0,,UNFURNISHED,False,,Balcony,,,,https://pub-d28896f69c604ec5aa743cb0397740d9.r2.dev/1757507025374-12d089344fa03c16.jpg,"[""https://pub-d28896f69c604ec5aa743cb0397740d9.r2.dev/1757507025374-6b9222f0e2694408.jpg""]",UNDER_CONSTRUCTION,,"[""[\""P52100080205\""]""]",sonai-clara-brtlinkrd-ravet-pune-029297
cmfdz9fvx0088vc90pw26eyr8,Santiago Skytown,RESIDENTIAL,STANDALONE,Not Specified,Not Specified,cmfdyubxb0086vc90glhoi1tr,"Santiago sky town, MP9R+2JG, Ravet Rd, Vikas Nagar, Ravet, Pimpri-Chinchwad, Dehu Road, Maharashtra 412101",Police Station,412101,2BHK,2.0,RESIDENTIAL,2BHK,784300000,784300000.0,767.0,Not Specified,2,1.0,,UNFURNISHED,False,,Balcony,,,,https://pub-d28896f69c604ec5aa743cb0397740d9.r2.dev/1757508627511-94d95f7bbb80de8a.jpg,"[""https://pub-d28896f69c604ec5aa743cb0397740d9.r2.dev/1757508627511-f415324344fe391c.jpg""]",UNDER_CONSTRUCTION,,"[""[\""P52100077942\""]""]",santiago-skytown-vikasnagar-ravet-pune-632333
cmfdz9fvx0088vc90pw26eyr8,Santiago Skytown,RESIDENTIAL,STANDALONE,Not Specified,Not Specified,cmfdyubxb0086vc90glhoi1tr,"Santiago sky town, MP9R+2JG, Ravet Rd, Vikas Nagar, Ravet, Pimpri-Chinchwad, Dehu Road, Maharashtra 412101",Police Station,412101,3BHK,3.0,RESIDENTIAL,3BHK,13900000,13900000.0,1017.0,Not Specified,3,2.0,,UNFURNISHED,False,,Balcony,,,,https://pub-d28896f69c604ec5aa743cb0397740d9.r2.dev/1757508627516-8e8d34b349402165.jpg,"[""https://pub-d28896f69c604ec5aa743cb0397740d9.r2.dev/1757508627516-8162911bdda309f0.jpg""]",UNDER_CONSTRUCTION,,"[""[\""P52100077942\""]""]",santiago-skytown-vikasnagar-ravet-pune-632333
cmfe01l6h009gvc90y1zazr09,The silver altair ,RESIDENTIAL,STANDALONE,Not Specified,Not Specified,cmfdzm7gn009evc907tntxrwq,"The Silver altair Project Sr.No. 8/1,12/5 Near MNGL CNG Station , Aundh Ravet BRTS RD, Ravet",MNGL CNG Station,412101,2BHK,2.0,RESIDENTIAL,2BHK,8409000,8409000.0,880.0,Not Specified,1,4.0,,UNFURNISHED,False,,Balcony,,,,https://pub-d28896f69c604ec5aa743cb0397740d9.r2.dev/1757509935799-56e60e5d51f758f8.jpg,"[""https://pub-d28896f69c604ec5aa743cb0397740d9.r2.dev/1757509935800-7ec66eb73cfad6b5.jpg""]",UNDER_CONSTRUCTION,,"[""[\""P52100035075\""]""]",the-silver-altair--pcmc-ravet-pune-945470
cmfe01l6h009gvc90y1zazr09,The silver altair ,RESIDENTIAL,STANDALONE,Not Specified,Not Specified,cmfdzm7gn009evc907tntxrwq,"The Silver altair Project Sr.No. 8/1,12/5 Near MNGL CNG Station , Aundh Ravet BRTS RD, Ravet",MNGL CNG Station,412101,3BHK,3.0,RESIDENTIAL,3BHK,11000000,11000000.0,1048.0,Not Specified,3,2.0,,UNFURNISHED,False,,Balcony,,,,https://pub-d28896f69c604ec5aa743cb0397740d9.r2.dev/1757509935801-e3046c3165cb6a9a.jpg,"[""https://pub-d28896f69c604ec5aa743cb0397740d9.r2.dev/1757509935802-e9fd330d696b020e.jpg""]",UNDER_CONSTRUCTION,,"[""[\""P52100035075\""]""]",the-silver-altair--pcmc-ravet-pune-945470
cmff8swbm0001vxp7pe3neibi,testing,RESIDENTIAL,STANDALONE,Not Specified,Not Specified,cmfdn705v001pvc90uyle9m34,asdfgh,sdfgb,123456,,,RESIDENTIAL,5BHK,10088000,10088000.0,9.79,Not Specified,8,8.0,,UNFURNISHED,False,,Balcony,sdfghjhgfdfghjgfdfghgfgh,asdfghjk,,https://pub-d28896f69c604ec5aa743cb0397740d9.r2.dev/1758174783708-6bab276d8a2b3207.jpg,"[""https://pub-d28896f69c604ec5aa743cb0397740d9.r2.dev/1758174623697-27c4f71a991e078c.jpg""]",READY_TO_MOVE,11.0,"[""123456789""]",testing-modelcolony-shivajinagar-pune-301013
cmftjwws60001vx55r0q7797l,TESTING,RESIDENTIAL,TOWNSHIP,Not Specified,Not Specified,cmfdkuymm0001vc90iiyzkr8d,ADDRESS,LANDMARK,123456,4BHK,4.0,RESIDENTIAL,4BHK,20000000,20000000.0,12.0,Not Specified,1,2.0,,SEMI_FURNISHED,False,,"Furnished,Balcony",PROJECT SUMMARY,about this property hahah,,https://pub-d28896f69c604ec5aa743cb0397740d9.r2.dev/1758450157387-61f41f3b1aba317d.jpg,"[""https://pub-d28896f69c604ec5aa743cb0397740d9.r2.dev/1758450157413-fd5b7567dbd1a680.png""]",READY_TO_MOVE,2.0,"[""123124"",""345678""]",testing-somwarpeth-camp-pune-281770
cmftjwws60001vx55r0q7797l,TESTING,RESIDENTIAL,TOWNSHIP,Not Specified,Not Specified,cmfdkuymm0001vc90iiyzkr8d,ADDRESS,LANDMARK,123456,,,RESIDENTIAL,4.5BHK,10000000,10000000.0,122.0,Not Specified,1,2.0,,UNFURNISHED,False,,Balcony,PROJECT SUMMARY,ABOUT PROPERTY ,,,"[""https://pub-d28896f69c604ec5aa743cb0397740d9.r2.dev/1758450157414-15c5ef82cad99022.jpg""]",READY_TO_MOVE,2.0,"[""123124"",""345678""]",testing-somwarpeth-camp-pune-281770
cmfw5ivra0001vxnkbozvz8bd,testing igi,RESIDENTIAL,TOWNSHIP,Not Specified,Not Specified,cmfdkuymm0001vc90iiyzkr8d,awsedrftgyhujk,sedrftgyhuj,123456,House_Villa,,RESIDENTIAL,House_Villa,80000000,80000000.0,8.0,Not Specified,5,4.0,,SEMI_FURNISHED,False,,"Furnished,Balcony",aqwsedrftgyhujikozsxdcfvgbhjnkm,asdfghj,,https://pub-d28896f69c604ec5aa743cb0397740d9.r2.dev/1758607532938-1eb357675429379e.jpg,"[""https://pub-d28896f69c604ec5aa743cb0397740d9.r2.dev/1758607532944-b93d0b2a52058cc7.webp""]",READY_TO_MOVE,8.0,"[""[\""12345678\"",\""2345678\""]""]",testing-igi-somwarpeth-camp-pune-541659
cmfw5ivra0001vxnkbozvz8bd,testing igi,RESIDENTIAL,TOWNSHIP,Not Specified,Not Specified,cmfdkuymm0001vc90iiyzkr8d,awsedrftgyhujk,sedrftgyhuj,123456,3BHK,3.0,RESIDENTIAL,3BHK,960000000,960000000.0,69.0,Not Specified,99,88.0,,UNFURNISHED,False,,Balcony,aqwsedrftgyhujikozsxdcfvgbhjnkm,described huh ...?,,https://pub-d28896f69c604ec5aa743cb0397740d9.r2.dev/1758607532944-ac73972e2cdcdbfb.jpg,"[""https://pub-d28896f69c604ec5aa743cb0397740d9.r2.dev/1758607532944-e10a4f6be6b3cc76.jpg""]",READY_TO_MOVE,8.0,"[""[\""12345678\"",\""2345678\""]""]",testing-igi-somwarpeth-camp-pune-541659
cmfwd377z0008vxgxd9nju858,some project testing,RESIDENTIAL,COMPLEX,Not Specified,Not Specified,cmfdkuymm0001vc90iiyzkr8d,address,landmark,828123,4BHK,4.0,RESIDENTIAL,4BHK,30000000,30000000.0,2.0,Ready,10,12.0,,UNFURNISHED,False,,Balcony,project summary,about property,,https://pub-d28896f69c604ec5aa743cb0397740d9.r2.dev/1758620243241-c0143b04ebeb03b2.jpg,"[""https://pub-d28896f69c604ec5aa743cb0397740d9.r2.dev/1758620243242-5810bb1b43a5db87.webp""]",UNDER_CONSTRUCTION,,"[""[\""2345678\"",\""5678\""]""]",some-project-testing-somwarpeth-camp-pune-246958
cmfxrvmuc0009qq138n0vk91p,QUEENS PARK,RESIDENTIAL,STANDALONE,Not Specified,Not Specified,cmfxo3xxc0007qq13foyboh8s,"Building No 10, Subhash Nagar Redevelopment Cluster, Subhash Nagar, Chembur, Mumbai, Maharashtra 400071",Jain mandir ,400071,1BHK,1.0,RESIDENTIAL,1BHK,10900000,10900000.0,413.23,Under Construction,1,1.0,,UNFURNISHED,False,,Balcony,"Queens Park by Vaibhavlaxmi builder & developer is a well-designed residential development in Chembur, Mumbai. It provides contemporary features, convenient connectivity, and peaceful living, all supported by the developer's long-standing heritage and adherence to excellence. Situated in a well-developed suburb with the best infrastructure and great connectivity, the project meets the needs of the city life while affording peace and ease of living.",Na,,https://pub-d28896f69c604ec5aa743cb0397740d9.r2.dev/1758705551545-37ea5c3b2ad1281f.jpeg,"[""https://pub-d28896f69c604ec5aa743cb0397740d9.r2.dev/1758705551546-edea4e482b14fe41.jpg""]",UNDER_CONSTRUCTION,,"[""[\""P51800047377\""]""]",queens-park-subhashnagar-chembur-mumbai-554402
cmfxrvmuc0009qq138n0vk91p,QUEENS PARK,RESIDENTIAL,STANDALONE,Not Specified,Not Specified,cmfxo3xxc0007qq13foyboh8s,"Building No 10, Subhash Nagar Redevelopment Cluster, Subhash Nagar, Chembur, Mumbai, Maharashtra 400071",Jain mandir ,400071,2BHK,2.0,RESIDENTIAL,2BHK,18700000,18700000.0,705.14,Under Construction,2,2.0,,UNFURNISHED,False,,Balcony,"Queens Park by Vaibhavlaxmi builder & developer is a well-designed residential development in Chembur, Mumbai. It provides contemporary features, convenient connectivity, and peaceful living, all supported by the developer's long-standing heritage and adherence to excellence. Situated in a well-developed suburb with the best infrastructure and great connectivity, the project meets the needs of the city life while affording peace and ease of living.",Na,,https://pub-d28896f69c604ec5aa743cb0397740d9.r2.dev/1758705551547-58f19a494160e237.jpeg,"[""https://pub-d28896f69c604ec5aa743cb0397740d9.r2.dev/1758705551548-68b2c475624ac9aa.jpg""]",UNDER_CONSTRUCTION,,"[""[\""P51800047377\""]""]",queens-park-subhashnagar-chembur-mumbai-554402
cmfxrvmuc0009qq138n0vk91p,QUEENS PARK,RESIDENTIAL,STANDALONE,Not Specified,Not Specified,cmfxo3xxc0007qq13foyboh8s,"Building No 10, Subhash Nagar Redevelopment Cluster, Subhash Nagar, Chembur, Mumbai, Maharashtra 400071",Jain mandir ,400071,3BHK,3.0,RESIDENTIAL,3BHK,23900000,23900000.0,901.26,Under Construction,3,3.0,,UNFURNISHED,False,,Balcony,"Queens Park by Vaibhavlaxmi builder & developer is a well-designed residential development in Chembur, Mumbai. It provides contemporary features, convenient connectivity, and peaceful living, all supported by the developer's long-standing heritage and adherence to excellence. Situated in a well-developed suburb with the best infrastructure and great connectivity, the project meets the needs of the city life while affording peace and ease of living.",,,https://pub-d28896f69c604ec5aa743cb0397740d9.r2.dev/1758705551551-788c3a56eab050d8.jpeg,"[""https://pub-d28896f69c604ec5aa743cb0397740d9.r2.dev/1758705551551-635af274c30c9045.jpg""]",UNDER_CONSTRUCTION,,"[""[\""P51800047377\""]""]",queens-park-subhashnagar-chembur-mumbai-554402
cmfxtgtbw0009vxov4t5onh7d,testring999,RESIDENTIAL,COMPLEX,Not Specified,Not Specified,cmfdkuymm0001vc90iiyzkr8d,sdfghj,esrdfghbj,123456,3BHK,3.0,RESIDENTIAL,3BHK,80000000,80000000.0,7.0,Ready,9,9.0,,UNFURNISHED,False,,Balcony,dsgfhjk,sdfghjn,,https://pub-d28896f69c604ec5aa743cb0397740d9.r2.dev/1758708115716-31db7b2bcb6394ec.webp,"[""https://pub-d28896f69c604ec5aa743cb0397740d9.r2.dev/1758708115716-b28e6ee1732f2e2b.webp""]",UNDER_CONSTRUCTION,,"[""[\""asdfghjkl\""]""]",testring999-somwarpeth-camp-pune-222053
cmfxwmse70001qq0908yt6oar,Queens Glory,RESIDENTIAL,STANDALONE,Not Specified,Not Specified,cmfxo3xxc0007qq13foyboh8s,"Building No 10, Subhash Nagar Redevelopment Cluster, Subhash Nagar, Chembur, Mumbai, Maharashtra 400071",Shri siddhivinayak ganesh temple,400076,,,RESIDENTIAL,1RK ,7944000,7944000.0,331.85,Under Construction,1,1.0,,UNFURNISHED,False,,Balcony,"Queens Glory by VaibhavLaxmi Builders and Developers is a well-designed residential development in Chembur, Mumbai. It provides contemporary features, convenient connectivity, and peaceful living, all supported by the developer's long-standing heritage and adherence to excellence. Situated in a well-developed suburb with the best infrastructure and great connectivity, the project meets the needs of the city life while affording peace and ease of living.",1 RK APARTMENTS,,https://pub-d28896f69c604ec5aa743cb0397740d9.r2.dev/1758713537111-51daa54aa4442c6d.jpg,"[""https://pub-d28896f69c604ec5aa743cb0397740d9.r2.dev/1758713537116-09ebbf05ef9abbaa.jpg""]",UNDER_CONSTRUCTION,,"[""[\""P51800076971\""]""]",queens-glory-subhashnagar-chembur-mumbai-539772
cmfxxh08t0013qq09o0rajcrt,Queens Avenue,RESIDENTIAL,TOWNSHIP,Not Specified,Not Specified,cmfxo3xxc0007qq13foyboh8s,"Subhash Nagar, Chembur, Mumbai Harbour, Mumbai",Shri siddhivinayak ganesh temple,400076,1BHK,1.0,RESIDENTIAL,1BHK,10700000,10700000.0,396.97,Under Construction,1,1.0,,UNFURNISHED,False,,Balcony,"Vaibhavlaxmi Queens Avenue offers well-ventilated homes in Chembur East, combining luxury with modern living standards. With easy access to essential amenities, including schools, hospitals, and shopping malls, the project ensures a convenient lifestyle. Developed by Vaibhavlaxmi Developers, a renowned name in Mumbai's real estate sector, the project promises quality construction and timely delivery, making it a top choice for those seeking an ideal urban living experience.",,,https://pub-d28896f69c604ec5aa743cb0397740d9.r2.dev/1758714944558-7c8147da421f3025.jpg,"[""https://pub-d28896f69c604ec5aa743cb0397740d9.r2.dev/1758714944560-7c164d7b1cc645f7.jpg""]",UNDER_CONSTRUCTION,,"[""[\""P51800054458\""]""]",queens-avenue-subhashnagar-chembur-mumbai-949624
cmfxxh08t0013qq09o0rajcrt,Queens Avenue,RESIDENTIAL,TOWNSHIP,Not Specified,Not Specified,cmfxo3xxc0007qq13foyboh8s,"Subhash Nagar, Chembur, Mumbai Harbour, Mumbai",Shri siddhivinayak ganesh temple,400076,2BHK,2.0,RESIDENTIAL,2BHK,15300000,15300000.0,568.98,Under Construction,2,4.0,,UNFURNISHED,False,,Balcony,"Vaibhavlaxmi Queens Avenue offers well-ventilated homes in Chembur East, combining luxury with modern living standards. With easy access to essential amenities, including schools, hospitals, and shopping malls, the project ensures a convenient lifestyle. Developed by Vaibhavlaxmi Developers, a renowned name in Mumbai's real estate sector, the project promises quality construction and timely delivery, making it a top choice for those seeking an ideal urban living experience.",,,https://pub-d28896f69c604ec5aa743cb0397740d9.r2.dev/1758714944560-a72d3b85432ed5df.jpg,"[""https://pub-d28896f69c604ec5aa743cb0397740d9.r2.dev/1758714944561-7778f9768558b3c0.jpg""]",UNDER_CONSTRUCTION,,"[""[\""P51800054458\""]""]",queens-avenue-subhashnagar-chembur-mumbai-949624
